feature,label,anchor_feature,anchor_feature_label,abs_correlation
emb_0,emb_0 - Transcription Ratio,transcription_ratio,Transcription Ratio,0.9734894187599036
emb_1,emb_1 - Msg Char Len Mean,msg_char_len_mean,Msg Char Len Mean,0.8917879856192065
emb_10,emb_10 - Msg Word Len Mean,msg_word_len_mean,Msg Word Len Mean,0.841548669696417
emb_100,emb_100 - Transcription Ratio,transcription_ratio,Transcription Ratio,0.9737903510681628
emb_101,emb_101 - Transcription Ratio,transcription_ratio,Transcription Ratio,0.7915457198985122
emb_102,emb_102 - Msg Char Len Mean,msg_char_len_mean,Msg Char Len Mean,0.8721463665283389
emb_103,emb_103 - Transcription Ratio,transcription_ratio,Transcription Ratio,0.9737455852149973
emb_104,emb_104 - Msg Char Len Mean,msg_char_len_mean,Msg Char Len Mean,0.9214655393132454
emb_105,emb_105 - Transcription Ratio,transcription_ratio,Transcription Ratio,0.8550439799223487
emb_106,emb_106 - Transcription Ratio,transcription_ratio,Transcription Ratio,0.9738051385312123
emb_107,emb_107 - Msg Char Len Mean,msg_char_len_mean,Msg Char Len Mean,0.8750458438538946
emb_108,emb_108 - Transcription Ratio,transcription_ratio,Transcription Ratio,0.9766982332910844
emb_109,emb_109 - Msg Char Len Mean,msg_char_len_mean,Msg Char Len Mean,0.3317063875147441
emb_11,emb_11 - Transcription Ratio,transcription_ratio,Transcription Ratio,0.9737951365935044
emb_110,emb_110 - Msg Word Len Mean,msg_word_len_mean,Msg Word Len Mean,0.8781086768732747
emb_111,emb_111 - Msg Char Len Mean,msg_char_len_mean,Msg Char Len Mean,0.8854909262461292
emb_112,emb_112 - Transcription Ratio,transcription_ratio,Transcription Ratio,0.9738527188000438
emb_113,emb_113 - Transcription Ratio,transcription_ratio,Transcription Ratio,0.9787880205962479
emb_114,emb_114 - Transcription Ratio,transcription_ratio,Transcription Ratio,0.9737857528821104
emb_115,emb_115 - Msg Word Len Mean,msg_word_len_mean,Msg Word Len Mean,0.903212566901587
emb_116,emb_116 - Transcription Ratio,transcription_ratio,Transcription Ratio,0.9735479272879229
emb_117,emb_117 - Transcription Ratio,transcription_ratio,Transcription Ratio,0.9736934302579172
emb_118,emb_118 - Transcription Ratio,transcription_ratio,Transcription Ratio,0.9739487392044481
emb_119,emb_119 - Msg Char Len Mean,msg_char_len_mean,Msg Char Len Mean,0.9423472927186375
emb_12,emb_12 - Transcription Ratio,transcription_ratio,Transcription Ratio,0.9734687749570781
emb_120,emb_120 - Msg Word Len Mean,msg_word_len_mean,Msg Word Len Mean,0.869128913206702
emb_121,emb_121 - Msg Char Len Mean,msg_char_len_mean,Msg Char Len Mean,0.9415968720462518
emb_122,emb_122 - Transcription Ratio,transcription_ratio,Transcription Ratio,0.9739487632685517
emb_123,emb_123 - Msg Char Len Mean,msg_char_len_mean,Msg Char Len Mean,0.88385761487992
emb_124,emb_124 - Transcription Ratio,transcription_ratio,Transcription Ratio,0.9736552411823141
emb_125,emb_125 - Transcription Ratio,transcription_ratio,Transcription Ratio,0.9735911971447346
emb_126,emb_126 - Msg Word Len Mean,msg_word_len_mean,Msg Word Len Mean,0.8643203874644525
emb_127,emb_127 - Msg Char Len Mean,msg_char_len_mean,Msg Char Len Mean,0.9505523193834198
emb_13,emb_13 - Transcription Ratio,transcription_ratio,Transcription Ratio,0.784559957931259
emb_14,emb_14 - Transcription Ratio,transcription_ratio,Transcription Ratio,0.9738352022566459
emb_15,emb_15 - Transcription Ratio,transcription_ratio,Transcription Ratio,0.9736267628869987
emb_16,emb_16 - Transcription Ratio,transcription_ratio,Transcription Ratio,0.9738105773355328
emb_17,emb_17 - Transcription Ratio,transcription_ratio,Transcription Ratio,0.8647898121747283
emb_18,emb_18 - Transcription Ratio,transcription_ratio,Transcription Ratio,0.9737412146347316
emb_19,emb_19 - Transcription Ratio,transcription_ratio,Transcription Ratio,0.8688303180324937
emb_2,emb_2 - Msg Char Len Mean,msg_char_len_mean,Msg Char Len Mean,0.30459983261313306
emb_20,emb_20 - Transcription Ratio,transcription_ratio,Transcription Ratio,0.8816494309619503
emb_21,emb_21 - Transcription Ratio,transcription_ratio,Transcription Ratio,0.9734143381459579
emb_22,emb_22 - Transcription Ratio,transcription_ratio,Transcription Ratio,0.9739143962025407
emb_23,emb_23 - Msg Char Len Mean,msg_char_len_mean,Msg Char Len Mean,0.8632186939428141
emb_24,emb_24 - Transcription Ratio,transcription_ratio,Transcription Ratio,0.8515403730006804
emb_25,emb_25 - Transcription Ratio,transcription_ratio,Transcription Ratio,0.9737687466382713
emb_26,emb_26 - Transcription Ratio,transcription_ratio,Transcription Ratio,0.9736688562879929
emb_27,emb_27 - Transcription Ratio,transcription_ratio,Transcription Ratio,0.9738337151898331
emb_28,emb_28 - Msg Char Len Mean,msg_char_len_mean,Msg Char Len Mean,0.8851651135387955
emb_29,emb_29 - Msg Char Len Mean,msg_char_len_mean,Msg Char Len Mean,0.9070051272771593
emb_3,emb_3 - Msg Char Len Mean,msg_char_len_mean,Msg Char Len Mean,0.41798785751234335
emb_30,emb_30 - Msg Char Len Mean,msg_char_len_mean,Msg Char Len Mean,0.863448826582221
emb_31,emb_31 - Msg Char Len Mean,msg_char_len_mean,Msg Char Len Mean,0.8257972020587029
emb_32,emb_32 - Msg Char Len Mean,msg_char_len_mean,Msg Char Len Mean,0.27747469987831674
emb_33,emb_33 - Msg Char Len Mean,msg_char_len_mean,Msg Char Len Mean,0.926793642147499
emb_34,emb_34 - Msg Word Len Mean,msg_word_len_mean,Msg Word Len Mean,0.8809204769789154
emb_35,emb_35 - Msg Char Len Mean,msg_char_len_mean,Msg Char Len Mean,0.9247853532760192
emb_36,emb_36 - Msg Char Len Mean,msg_char_len_mean,Msg Char Len Mean,0.9496347833676198
emb_37,emb_37 - Transcription Ratio,transcription_ratio,Transcription Ratio,0.9737198892914605
emb_38,emb_38 - Transcription Ratio,transcription_ratio,Transcription Ratio,0.8576734789924375
emb_39,emb_39 - Transcription Ratio,transcription_ratio,Transcription Ratio,0.9733781081287662
emb_4,emb_4 - Status,status_,Status,0.244701831227242
emb_40,emb_40 - Msg Char Len Mean,msg_char_len_mean,Msg Char Len Mean,0.8502820848376555
emb_41,emb_41 - Msg Char Len Mean,msg_char_len_mean,Msg Char Len Mean,0.9257208089547648
emb_42,emb_42 - Msg Char Len Mean,msg_char_len_mean,Msg Char Len Mean,0.8535523979318064
emb_43,emb_43 - Msg Char Len Mean,msg_char_len_mean,Msg Char Len Mean,0.8774735828607165
emb_44,emb_44 - Transcription Ratio,transcription_ratio,Transcription Ratio,0.9750858284344689
emb_45,emb_45 - Transcription Ratio,transcription_ratio,Transcription Ratio,0.8589141644215778
emb_46,emb_46 - Transcription Ratio,transcription_ratio,Transcription Ratio,0.973719306112427
emb_47,emb_47 - Transcription Ratio,transcription_ratio,Transcription Ratio,0.7094047758295317
emb_48,emb_48 - Msg Char Len Mean,msg_char_len_mean,Msg Char Len Mean,0.9506577198806337
emb_49,emb_49 - Msg Char Len Mean,msg_char_len_mean,Msg Char Len Mean,0.9466764934408426
emb_5,emb_5 - Msg Word Len Mean,msg_word_len_mean,Msg Word Len Mean,0.7955567902570558
emb_50,emb_50 - Msg Char Len Mean,msg_char_len_mean,Msg Char Len Mean,0.8808307425334712
emb_51,emb_51 - Msg Char Len Mean,msg_char_len_mean,Msg Char Len Mean,0.9199485346964545
emb_52,emb_52 - Transcription Ratio,transcription_ratio,Transcription Ratio,0.9734302887749008
emb_53,emb_53 - Transcription Ratio,transcription_ratio,Transcription Ratio,0.8379519499624402
emb_54,emb_54 - Transcription Ratio,transcription_ratio,Transcription Ratio,0.9736448404467374
emb_55,emb_55 - Transcription Ratio,transcription_ratio,Transcription Ratio,0.9738471878685055
emb_56,emb_56 - Transcription Ratio,transcription_ratio,Transcription Ratio,0.9735288394312209
emb_57,emb_57 - Transcription Ratio,transcription_ratio,Transcription Ratio,0.9738075496879751
emb_58,emb_58 - Transcription Ratio,transcription_ratio,Transcription Ratio,0.7073626150569299
emb_59,emb_59 - Msg Char Len Mean,msg_char_len_mean,Msg Char Len Mean,0.8701026748335551
emb_6,emb_6 - Msg Word Len Mean,msg_word_len_mean,Msg Word Len Mean,0.8849755377218749
emb_60,emb_60 - Transcription Ratio,transcription_ratio,Transcription Ratio,0.8854236659845698
emb_61,emb_61 - Transcription Ratio,transcription_ratio,Transcription Ratio,0.9737313851398489
emb_62,emb_62 - Transcription Ratio,transcription_ratio,Transcription Ratio,0.9739999885141919
emb_63,emb_63 - Msg Char Len Mean,msg_char_len_mean,Msg Char Len Mean,0.5829554616856082
emb_64,emb_64 - Transcription Ratio,transcription_ratio,Transcription Ratio,0.9737773248998297
emb_65,emb_65 - Transcription Ratio,transcription_ratio,Transcription Ratio,0.8495273554460718
emb_66,emb_66 - Msg Char Len Mean,msg_char_len_mean,Msg Char Len Mean,0.35371808781868785
emb_67,emb_67 - Msg Char Len Mean,msg_char_len_mean,Msg Char Len Mean,0.8857366708142372
emb_68,emb_68 - Msg Word Len Mean,msg_word_len_mean,Msg Word Len Mean,0.833503823923591
emb_69,emb_69 - Msg Char Len Mean,msg_char_len_mean,Msg Char Len Mean,0.842221743531874
emb_7,emb_7 - Transcription Ratio,transcription_ratio,Transcription Ratio,0.9736138822949779
emb_70,emb_70 - Transcription Ratio,transcription_ratio,Transcription Ratio,0.9735259966612728
emb_71,emb_71 - Transcription Ratio,transcription_ratio,Transcription Ratio,0.9738181690485228
emb_72,emb_72 - Msg Char Len Mean,msg_char_len_mean,Msg Char Len Mean,0.8807008091056858
emb_73,emb_73 - Transcription Ratio,transcription_ratio,Transcription Ratio,0.9737857840794587
emb_74,emb_74 - Msg Char Len Mean,msg_char_len_mean,Msg Char Len Mean,0.8155664162647526
emb_75,emb_75 - Transcription Ratio,transcription_ratio,Transcription Ratio,0.9736857468227091
emb_76,emb_76 - Msg Char Len Mean,msg_char_len_mean,Msg Char Len Mean,0.8842493397856069
emb_77,emb_77 - Msg Word Len Mean,msg_word_len_mean,Msg Word Len Mean,0.8764105480885238
emb_78,emb_78 - Msg Char Len Mean,msg_char_len_mean,Msg Char Len Mean,0.9275187976486154
emb_79,emb_79 - Transcription Ratio,transcription_ratio,Transcription Ratio,0.9738695103501737
emb_8,emb_8 - Transcription Ratio,transcription_ratio,Transcription Ratio,0.9737317774020477
emb_80,emb_80 - Msg Char Len Mean,msg_char_len_mean,Msg Char Len Mean,0.9390306161224771
emb_81,emb_81 - Transcription Ratio,transcription_ratio,Transcription Ratio,0.8367354996923291
emb_82,emb_82 - Transcription Ratio,transcription_ratio,Transcription Ratio,0.9740287656045638
emb_83,emb_83 - Transcription Ratio,transcription_ratio,Transcription Ratio,0.9739007707889072
emb_84,emb_84 - Transcription Ratio,transcription_ratio,Transcription Ratio,0.9739265625878801
emb_85,emb_85 - Msg Word Len Mean,msg_word_len_mean,Msg Word Len Mean,0.9556102873170171
emb_86,emb_86 - Transcription Ratio,transcription_ratio,Transcription Ratio,0.8755026591663028
emb_87,emb_87 - Transcription Ratio,transcription_ratio,Transcription Ratio,0.9738254288028881
emb_88,emb_88 - Transcription Ratio,transcription_ratio,Transcription Ratio,0.9737553825857376
emb_89,emb_89 - Msg Char Len Mean,msg_char_len_mean,Msg Char Len Mean,0.8637889713063817
emb_9,emb_9 - Transcription Ratio,transcription_ratio,Transcription Ratio,0.9738228048047884
emb_90,emb_90 - Msg Char Len Mean,msg_char_len_mean,Msg Char Len Mean,0.9638596318050561
emb_91,emb_91 - Msg Char Len Mean,msg_char_len_mean,Msg Char Len Mean,0.8333484528476737
emb_92,emb_92 - Transcription Ratio,transcription_ratio,Transcription Ratio,0.9737998599482885
emb_93,emb_93 - Transcription Ratio,transcription_ratio,Transcription Ratio,0.9737579866650204
emb_94,emb_94 - Transcription Ratio,transcription_ratio,Transcription Ratio,0.9746093881165842
emb_95,emb_95 - Transcription Ratio,transcription_ratio,Transcription Ratio,0.9737781333250106
emb_96,emb_96 - Msg Char Len Mean,msg_char_len_mean,Msg Char Len Mean,0.8878983864280581
emb_97,emb_97 - Transcription Ratio,transcription_ratio,Transcription Ratio,0.973538777629241
emb_98,emb_98 - Msg Char Len Mean,msg_char_len_mean,Msg Char Len Mean,0.8971957930035918
emb_99,emb_99 - Transcription Ratio,transcription_ratio,Transcription Ratio,0.9737665418991392
