user_id,target,pred_label,pred_prob_positive,predicted_class,confidence,confidence_gate
64,1.0,1,0.9139200448989868,positive,0.8278400897979736,auto
560,1.0,1,0.9015193581581116,positive,0.8030387163162231,auto
44,1.0,1,0.900843620300293,positive,0.8016872406005859,auto
49,1.0,1,0.8958731889724731,positive,0.7917463779449463,auto
37,1.0,1,0.8908636569976807,positive,0.7817273139953613,auto
53,1.0,1,0.886160671710968,positive,0.772321343421936,auto
42,1.0,1,0.88301682472229,positive,0.7660336494445801,auto
38,1.0,1,0.8808850049972534,positive,0.7617700099945068,auto
43,1.0,1,0.8790942430496216,positive,0.7581884860992432,auto
27,1.0,1,0.8749019503593445,positive,0.749803900718689,auto
319,1.0,1,0.8739346861839294,positive,0.7478693723678589,auto
40,1.0,1,0.8734979629516602,positive,0.7469959259033203,auto
20,1.0,1,0.8702143430709839,positive,0.7404286861419678,auto
48,1.0,1,0.8694759011268616,positive,0.7389518022537231,auto
46,1.0,1,0.868418276309967,positive,0.7368365526199341,auto
695,1.0,1,0.8620153069496155,positive,0.724030613899231,auto
804,1.0,1,0.858172595500946,positive,0.7163451910018921,auto
253,0.0,1,0.8470168709754944,positive,0.6940337419509888,review
89,1.0,1,0.8470168709754944,positive,0.6940337419509888,review
889,1.0,1,0.8461288213729858,positive,0.6922576427459717,review
8,1.0,1,0.8454116582870483,positive,0.6908233165740967,review
39,1.0,1,0.8426176905632019,positive,0.6852353811264038,review
272,1.0,1,0.8414453268051147,positive,0.6828906536102295,review
63,1.0,1,0.8389727473258972,positive,0.6779454946517944,review
367,1.0,1,0.838056743144989,positive,0.676113486289978,review
590,1.0,1,0.8369859457015991,positive,0.6739718914031982,review
546,1.0,1,0.8314690589904785,positive,0.662938117980957,review
45,1.0,1,0.8300771117210388,positive,0.6601542234420776,review
41,1.0,1,0.8216325640678406,positive,0.6432651281356812,review
15,,1,0.8194068670272827,positive,0.6388137340545654,review
71,,1,0.8183321952819824,positive,0.6366643905639648,review
741,,1,0.8176936507225037,positive,0.6353873014450073,review
199,1.0,1,0.8130931258201599,positive,0.6261862516403198,review
436,1.0,1,0.8121604323387146,positive,0.6243208646774292,review
513,,1,0.8080620169639587,positive,0.6161240339279175,review
998,,1,0.8080284595489502,positive,0.6160569190979004,review
212,0.0,1,0.8045312762260437,positive,0.6090625524520874,review
16,1.0,1,0.804047167301178,positive,0.608094334602356,review
65,,1,0.8028884530067444,positive,0.6057769060134888,review
21,,1,0.8025784492492676,positive,0.6051568984985352,review
865,1.0,1,0.8018208742141724,positive,0.6036417484283447,review
984,1.0,1,0.8007916212081909,positive,0.6015832424163818,review
676,1.0,1,0.8003371953964233,positive,0.6006743907928467,review
47,,1,0.7993219494819641,positive,0.5986438989639282,review
50,,1,0.7965002059936523,positive,0.5930004119873047,review
10,1.0,1,0.7941640615463257,positive,0.5883281230926514,review
62,1.0,1,0.7932199835777283,positive,0.5864399671554565,review
678,1.0,1,0.7928844690322876,positive,0.5857689380645752,review
602,,1,0.7887601256370544,positive,0.5775202512741089,review
24,,1,0.7882674336433411,insufficient_data,0.0,manual_review
838,1.0,1,0.7878048419952393,positive,0.5756096839904785,review
67,1.0,1,0.7856419086456299,positive,0.5712838172912598,review
66,1.0,1,0.7856419086456299,positive,0.5712838172912598,review
757,1.0,1,0.7839303016662598,positive,0.5678606033325195,review
666,1.0,1,0.782696008682251,positive,0.565392017364502,review
403,1.0,1,0.7816499471664429,positive,0.5632998943328857,review
59,,1,0.7786133885383606,positive,0.5572267770767212,review
54,1.0,1,0.7781556248664856,positive,0.5563112497329712,review
52,,1,0.7779284715652466,positive,0.5558569431304932,review
61,,1,0.777265191078186,positive,0.5545303821563721,review
747,1.0,1,0.7750509977340698,positive,0.5501019954681396,review
158,,1,0.7732499837875366,positive,0.5464999675750732,review
1011,0.0,1,0.7687593102455139,positive,0.5375186204910278,review
70,,1,0.7661333084106445,positive,0.5322666168212891,review
582,0.0,1,0.7656515836715698,positive,0.5313031673431396,review
515,1.0,1,0.7649977207183838,positive,0.5299954414367676,review
79,,1,0.7646937370300293,insufficient_data,0.0,manual_review
643,,1,0.7638808488845825,positive,0.527761697769165,review
533,1.0,1,0.7603374123573303,positive,0.5206748247146606,review
51,1.0,1,0.7595956325531006,positive,0.5191912651062012,review
58,,1,0.7593170404434204,positive,0.5186340808868408,review
535,1.0,1,0.7588168978691101,positive,0.5176337957382202,review
130,,1,0.7574220895767212,positive,0.5148441791534424,review
839,1.0,1,0.7556939125061035,positive,0.511387825012207,review
77,,1,0.7540795207023621,insufficient_data,0.0,manual_review
842,1.0,1,0.752170205116272,positive,0.504340410232544,review
412,1.0,1,0.7508325576782227,positive,0.5016651153564453,review
855,1.0,1,0.7506263852119446,positive,0.5012527704238892,review
908,1.0,1,0.7497916221618652,positive,0.49958324432373047,review
172,,1,0.7495667338371277,positive,0.49913346767425537,review
893,1.0,1,0.7492926716804504,positive,0.4985853433609009,review
738,1.0,1,0.746893584728241,positive,0.49378716945648193,review
580,1.0,1,0.7423362731933594,positive,0.48467254638671875,review
32,1.0,1,0.7421118021011353,positive,0.4842236042022705,review
35,,1,0.7247286438941956,positive,0.4494572877883911,review
866,,1,0.7220333218574524,positive,0.4440666437149048,review
31,,1,0.7209203839302063,positive,0.4418407678604126,review
547,,1,0.7199993133544922,positive,0.4399986267089844,review
814,1.0,1,0.7189294695854187,positive,0.4378589391708374,review
12,1.0,1,0.7117189168930054,positive,0.42343783378601074,review
57,,1,0.7077912092208862,positive,0.41558241844177246,review
781,1.0,1,0.7073931097984314,positive,0.4147862195968628,review
911,,1,0.7072690725326538,positive,0.4145381450653076,review
251,,1,0.6985542178153992,positive,0.39710843563079834,review
437,0.0,1,0.6908129453659058,positive,0.3816258907318115,review
856,,1,0.6820794939994812,insufficient_data,0.0,manual_review
36,,1,0.6820794939994812,insufficient_data,0.0,manual_review
868,,1,0.6820794939994812,insufficient_data,0.0,manual_review
349,,1,0.6820794939994812,insufficient_data,0.0,manual_review
577,0.0,1,0.6819806694984436,positive,0.3639613389968872,review
1005,1.0,1,0.6798710823059082,positive,0.3597421646118164,review
478,,1,0.6776919364929199,positive,0.35538387298583984,review
554,1.0,1,0.6769933104515076,positive,0.35398662090301514,review
812,,1,0.6750776171684265,positive,0.350155234336853,review
603,1.0,1,0.6690607666969299,positive,0.33812153339385986,review
56,1.0,1,0.6687993407249451,positive,0.33759868144989014,review
886,1.0,1,0.6687531471252441,positive,0.3375062942504883,review
438,,1,0.6660463213920593,insufficient_data,0.0,manual_review
435,,1,0.6660463213920593,insufficient_data,0.0,manual_review
445,,1,0.6660463213920593,insufficient_data,0.0,manual_review
60,,1,0.6660463213920593,insufficient_data,0.0,manual_review
871,1.0,1,0.6604623794555664,positive,0.3209247589111328,review
635,1.0,1,0.6587238311767578,positive,0.3174476623535156,review
584,1.0,1,0.6573603749275208,positive,0.3147207498550415,review
896,,1,0.6551674604415894,positive,0.3103349208831787,review
68,,1,0.6537870168685913,insufficient_data,0.0,manual_review
532,,1,0.6537870168685913,insufficient_data,0.0,manual_review
444,,1,0.6537870168685913,insufficient_data,0.0,manual_review
442,,1,0.6537870168685913,insufficient_data,0.0,manual_review
439,,1,0.6537870168685913,insufficient_data,0.0,manual_review
426,,1,0.6537870168685913,insufficient_data,0.0,manual_review
425,,1,0.6537870168685913,insufficient_data,0.0,manual_review
358,,1,0.6537870168685913,insufficient_data,0.0,manual_review
443,,1,0.6537870168685913,insufficient_data,0.0,manual_review
428,,1,0.6537870168685913,insufficient_data,0.0,manual_review
83,,1,0.6537870168685913,insufficient_data,0.0,manual_review
802,1.0,1,0.6495473384857178,positive,0.29909467697143555,manual_review
992,1.0,1,0.6464808583259583,positive,0.2929617166519165,manual_review
632,1.0,1,0.6450950503349304,positive,0.29019010066986084,manual_review
919,1.0,1,0.6447016596794128,positive,0.2894033193588257,manual_review
530,,1,0.6433776021003723,positive,0.28675520420074463,manual_review
98,1.0,1,0.6412373185157776,positive,0.2824746370315552,manual_review
389,1.0,1,0.6406528353691101,positive,0.2813056707382202,manual_review
748,1.0,1,0.6375075578689575,positive,0.27501511573791504,manual_review
538,1.0,1,0.6168286204338074,positive,0.23365724086761475,manual_review
734,0.0,1,0.6157992482185364,positive,0.23159849643707275,manual_review
601,0.0,1,0.6131985187530518,positive,0.22639703750610352,manual_review
664,0.0,1,0.6088876128196716,positive,0.21777522563934326,manual_review
665,1.0,1,0.6087100505828857,positive,0.21742010116577148,manual_review
982,1.0,1,0.6049299240112305,positive,0.20985984802246094,manual_review
691,1.0,1,0.6035823225975037,positive,0.20716464519500732,manual_review
686,0.0,1,0.6026735901832581,positive,0.2053471803665161,manual_review
434,1.0,1,0.6021397709846497,positive,0.20427954196929932,manual_review
806,,1,0.5980098247528076,positive,0.19601964950561523,manual_review
315,1.0,1,0.5899031758308411,positive,0.17980635166168213,manual_review
13,1.0,1,0.5862960815429688,positive,0.1725921630859375,manual_review
1008,1.0,1,0.5842997431755066,positive,0.16859948635101318,manual_review
669,,1,0.5800626873970032,positive,0.16012537479400635,manual_review
579,1.0,1,0.5785140991210938,positive,0.1570281982421875,manual_review
117,1.0,1,0.5783180594444275,positive,0.15663611888885498,manual_review
646,1.0,1,0.5759336352348328,positive,0.15186727046966553,manual_review
647,1.0,1,0.5718225240707397,positive,0.1436450481414795,manual_review
732,0.0,1,0.5706207752227783,positive,0.14124155044555664,manual_review
545,0.0,1,0.5692657828330994,positive,0.13853156566619873,manual_review
964,1.0,1,0.5634901523590088,positive,0.12698030471801758,manual_review
588,1.0,1,0.5620672702789307,positive,0.12413454055786133,manual_review
219,1.0,1,0.5571563839912415,positive,0.11431276798248291,manual_review
433,1.0,1,0.5550944805145264,positive,0.11018896102905273,manual_review
481,,1,0.5507795810699463,positive,0.10155916213989258,manual_review
441,,1,0.5456680655479431,insufficient_data,0.0,manual_review
568,1.0,1,0.5388702154159546,positive,0.07774043083190918,manual_review
353,,1,0.5366248488426208,insufficient_data,0.0,manual_review
707,,1,0.5366248488426208,insufficient_data,0.0,manual_review
237,,1,0.5366248488426208,insufficient_data,0.0,manual_review
938,,1,0.5366248488426208,insufficient_data,0.0,manual_review
969,,1,0.5366248488426208,insufficient_data,0.0,manual_review
903,,1,0.5366248488426208,insufficient_data,0.0,manual_review
956,,1,0.5366248488426208,insufficient_data,0.0,manual_review
728,,1,0.5366248488426208,insufficient_data,0.0,manual_review
909,,1,0.5366248488426208,insufficient_data,0.0,manual_review
968,,1,0.5366248488426208,insufficient_data,0.0,manual_review
971,,1,0.5366248488426208,insufficient_data,0.0,manual_review
420,,1,0.5366248488426208,insufficient_data,0.0,manual_review
951,,1,0.5366248488426208,insufficient_data,0.0,manual_review
906,,1,0.5366248488426208,insufficient_data,0.0,manual_review
657,,1,0.5366248488426208,insufficient_data,0.0,manual_review
955,,1,0.5366248488426208,insufficient_data,0.0,manual_review
910,,1,0.5366248488426208,insufficient_data,0.0,manual_review
915,,1,0.5366248488426208,insufficient_data,0.0,manual_review
822,,1,0.5366248488426208,insufficient_data,0.0,manual_review
440,,1,0.5366248488426208,insufficient_data,0.0,manual_review
922,,1,0.5366248488426208,insufficient_data,0.0,manual_review
921,,1,0.5366248488426208,insufficient_data,0.0,manual_review
811,,1,0.5366248488426208,insufficient_data,0.0,manual_review
965,,1,0.5366248488426208,insufficient_data,0.0,manual_review
966,,1,0.5366248488426208,insufficient_data,0.0,manual_review
918,,1,0.5366248488426208,insufficient_data,0.0,manual_review
977,,1,0.5366248488426208,insufficient_data,0.0,manual_review
649,,1,0.5366248488426208,insufficient_data,0.0,manual_review
975,,1,0.5366248488426208,insufficient_data,0.0,manual_review
639,,1,0.5366248488426208,insufficient_data,0.0,manual_review
636,,1,0.5366248488426208,insufficient_data,0.0,manual_review
555,,1,0.5366248488426208,insufficient_data,0.0,manual_review
973,,1,0.5366248488426208,insufficient_data,0.0,manual_review
599,,1,0.5366248488426208,insufficient_data,0.0,manual_review
926,,1,0.5366248488426208,insufficient_data,0.0,manual_review
932,,1,0.5366248488426208,insufficient_data,0.0,manual_review
700,,1,0.5366248488426208,insufficient_data,0.0,manual_review
540,,1,0.5366248488426208,insufficient_data,0.0,manual_review
972,,1,0.5366248488426208,insufficient_data,0.0,manual_review
529,,1,0.5366248488426208,insufficient_data,0.0,manual_review
527,,1,0.5366248488426208,insufficient_data,0.0,manual_review
880,,1,0.5366248488426208,insufficient_data,0.0,manual_review
934,,1,0.5366248488426208,insufficient_data,0.0,manual_review
937,,1,0.5366248488426208,insufficient_data,0.0,manual_review
480,,1,0.5366248488426208,insufficient_data,0.0,manual_review
884,,1,0.5366248488426208,insufficient_data,0.0,manual_review
963,,1,0.5366248488426208,insufficient_data,0.0,manual_review
878,,1,0.5366248488426208,insufficient_data,0.0,manual_review
967,,1,0.5366248488426208,insufficient_data,0.0,manual_review
716,,1,0.5366248488426208,insufficient_data,0.0,manual_review
1009,,1,0.5366248488426208,insufficient_data,0.0,manual_review
177,,1,0.5366248488426208,insufficient_data,0.0,manual_review
80,,1,0.5366248488426208,insufficient_data,0.0,manual_review
171,,1,0.5366248488426208,insufficient_data,0.0,manual_review
576,,1,0.5366248488426208,insufficient_data,0.0,manual_review
957,,1,0.5366248488426208,insufficient_data,0.0,manual_review
174,,1,0.5366248488426208,insufficient_data,0.0,manual_review
81,,1,0.5366248488426208,insufficient_data,0.0,manual_review
94,,1,0.5366248488426208,insufficient_data,0.0,manual_review
987,,1,0.5366248488426208,insufficient_data,0.0,manual_review
87,,1,0.5366248488426208,insufficient_data,0.0,manual_review
575,,1,0.5366248488426208,insufficient_data,0.0,manual_review
565,,1,0.5366248488426208,insufficient_data,0.0,manual_review
69,,1,0.5366248488426208,insufficient_data,0.0,manual_review
176,,1,0.5366248488426208,insufficient_data,0.0,manual_review
427,,1,0.5320942401885986,insufficient_data,0.0,manual_review
446,,1,0.5320942401885986,insufficient_data,0.0,manual_review
997,,1,0.5320942401885986,insufficient_data,0.0,manual_review
430,,1,0.5320942401885986,insufficient_data,0.0,manual_review
702,,1,0.5313106179237366,insufficient_data,0.0,manual_review
1000,,1,0.5313106179237366,insufficient_data,0.0,manual_review
238,,1,0.5313106179237366,insufficient_data,0.0,manual_review
718,,1,0.5313106179237366,insufficient_data,0.0,manual_review
617,,1,0.5313106179237366,insufficient_data,0.0,manual_review
84,,1,0.5313106179237366,insufficient_data,0.0,manual_review
228,,1,0.5313106179237366,insufficient_data,0.0,manual_review
962,,1,0.5313106179237366,insufficient_data,0.0,manual_review
961,,1,0.5313106179237366,insufficient_data,0.0,manual_review
95,,1,0.5313106179237366,insufficient_data,0.0,manual_review
817,,1,0.5313106179237366,insufficient_data,0.0,manual_review
924,,1,0.5313106179237366,insufficient_data,0.0,manual_review
378,,1,0.5313106179237366,insufficient_data,0.0,manual_review
946,,1,0.5313106179237366,insufficient_data,0.0,manual_review
562,,1,0.5313106179237366,insufficient_data,0.0,manual_review
930,,1,0.5313106179237366,insufficient_data,0.0,manual_review
567,,1,0.5313106179237366,insufficient_data,0.0,manual_review
947,,1,0.5313106179237366,insufficient_data,0.0,manual_review
941,,1,0.5313106179237366,insufficient_data,0.0,manual_review
72,1.0,1,0.5297418236732483,positive,0.05948364734649658,manual_review
125,,1,0.5210421085357666,positive,0.0420842170715332,manual_review
863,1.0,1,0.5200757384300232,positive,0.04015147686004639,manual_review
907,,1,0.5098627805709839,insufficient_data,0.0,manual_review
559,0.0,1,0.5096802115440369,positive,0.01936042308807373,manual_review
55,0.0,1,0.5090925097465515,positive,0.018185019493103027,manual_review
254,1.0,1,0.5080373287200928,positive,0.016074657440185547,manual_review
846,0.0,1,0.5001065135002136,positive,0.0002130270004272461,manual_review
943,,0,0.49719834327697754,insufficient_data,0.0,manual_review
996,,0,0.49719834327697754,insufficient_data,0.0,manual_review
920,,0,0.49719834327697754,insufficient_data,0.0,manual_review
954,,0,0.49719834327697754,insufficient_data,0.0,manual_review
496,,0,0.49719834327697754,insufficient_data,0.0,manual_review
790,,0,0.49719834327697754,insufficient_data,0.0,manual_review
983,,0,0.49719834327697754,insufficient_data,0.0,manual_review
432,,0,0.4964236319065094,negative,0.007152736186981201,manual_review
198,0.0,0,0.49382296204566956,negative,0.012354075908660889,manual_review
799,0.0,0,0.4903292655944824,negative,0.019341468811035156,manual_review
82,,0,0.48982754349708557,negative,0.020344913005828857,manual_review
801,,0,0.4894552528858185,negative,0.021089494228363037,manual_review
498,,0,0.4894552528858185,negative,0.021089494228363037,manual_review
578,,0,0.4862619638442993,negative,0.027476072311401367,manual_review
978,,0,0.48136967420578003,negative,0.03726065158843994,manual_review
1003,,0,0.47835493087768555,negative,0.043290138244628906,manual_review
592,1.0,0,0.46526041626930237,negative,0.06947916746139526,manual_review
652,0.0,0,0.4616917073726654,negative,0.07661658525466919,manual_review
500,,0,0.4586951732635498,negative,0.08260965347290039,manual_review
239,1.0,0,0.4566503167152405,negative,0.08669936656951904,manual_review
191,,0,0.45640695095062256,negative,0.08718609809875488,manual_review
419,0.0,0,0.44946563243865967,negative,0.10106873512268066,manual_review
756,0.0,0,0.4490768015384674,negative,0.10184639692306519,manual_review
273,0.0,0,0.4449113607406616,negative,0.11017727851867676,manual_review
874,1.0,0,0.44461706280708313,negative,0.11076587438583374,manual_review
466,1.0,0,0.44245052337646484,negative,0.11509895324707031,manual_review
864,1.0,0,0.43989530205726624,negative,0.12020939588546753,manual_review
534,0.0,0,0.43977418541908264,negative,0.12045162916183472,manual_review
900,,0,0.4387798011302948,negative,0.1224403977394104,manual_review
751,,0,0.43815678358078003,negative,0.12368643283843994,manual_review
1,1.0,0,0.4342922866344452,negative,0.13141542673110962,manual_review
552,1.0,0,0.4321017265319824,negative,0.13579654693603516,manual_review
809,1.0,0,0.43023303151130676,negative,0.13953393697738647,manual_review
566,0.0,0,0.42437344789505005,negative,0.1512531042098999,manual_review
4,0.0,0,0.42255663871765137,negative,0.15488672256469727,manual_review
7,1.0,0,0.4225448966026306,negative,0.15491020679473877,manual_review
726,0.0,0,0.4200785756111145,negative,0.159842848777771,manual_review
640,1.0,0,0.4178754985332489,negative,0.1642490029335022,manual_review
6,1.0,0,0.41251009702682495,negative,0.1749798059463501,manual_review
638,,0,0.4122906029224396,negative,0.17541879415512085,manual_review
491,,0,0.4093412160873413,negative,0.18131756782531738,manual_review
623,1.0,0,0.4061044752597809,negative,0.18779104948043823,manual_review
679,0.0,0,0.4053485095500946,negative,0.1893029808998108,manual_review
985,0.0,0,0.4051515758037567,negative,0.18969684839248657,manual_review
18,0.0,0,0.40401503443717957,negative,0.19196993112564087,manual_review
860,0.0,0,0.40152034163475037,negative,0.19695931673049927,manual_review
786,,0,0.4005351662635803,negative,0.19892966747283936,manual_review
205,1.0,0,0.39971211552619934,negative,0.20057576894760132,manual_review
1004,,0,0.38686394691467285,negative,0.2262721061706543,manual_review
764,,0,0.3856436312198639,insufficient_data,0.0,manual_review
626,,0,0.3856436312198639,insufficient_data,0.0,manual_review
377,,0,0.3856436312198639,insufficient_data,0.0,manual_review
233,,0,0.3856436312198639,insufficient_data,0.0,manual_review
722,0.0,0,0.38500291109085083,negative,0.22999417781829834,manual_review
834,0.0,0,0.3844631314277649,negative,0.23107373714447021,manual_review
476,,0,0.37892434000968933,negative,0.24215131998062134,manual_review
745,,0,0.37597566843032837,negative,0.24804866313934326,manual_review
622,,0,0.375572144985199,insufficient_data,0.0,manual_review
723,,0,0.375572144985199,insufficient_data,0.0,manual_review
714,,0,0.375572144985199,insufficient_data,0.0,manual_review
694,,0,0.375572144985199,insufficient_data,0.0,manual_review
823,,0,0.375572144985199,insufficient_data,0.0,manual_review
697,,0,0.375572144985199,insufficient_data,0.0,manual_review
413,,0,0.375572144985199,insufficient_data,0.0,manual_review
558,,0,0.37544769048690796,negative,0.24910461902618408,manual_review
862,,0,0.3731329143047333,insufficient_data,0.0,manual_review
421,,0,0.3731329143047333,insufficient_data,0.0,manual_review
853,,0,0.3731329143047333,insufficient_data,0.0,manual_review
594,,0,0.3731329143047333,insufficient_data,0.0,manual_review
493,,0,0.3731329143047333,insufficient_data,0.0,manual_review
606,,0,0.3731329143047333,insufficient_data,0.0,manual_review
163,,0,0.37006792426109314,insufficient_data,0.0,manual_review
517,,0,0.36815446615219116,insufficient_data,0.0,manual_review
224,,0,0.36815446615219116,insufficient_data,0.0,manual_review
740,,0,0.36815446615219116,insufficient_data,0.0,manual_review
773,,0,0.36815446615219116,insufficient_data,0.0,manual_review
503,,0,0.36815446615219116,insufficient_data,0.0,manual_review
392,,0,0.36815446615219116,insufficient_data,0.0,manual_review
767,,0,0.36815446615219116,insufficient_data,0.0,manual_review
524,,0,0.36815446615219116,insufficient_data,0.0,manual_review
935,,0,0.36815446615219116,insufficient_data,0.0,manual_review
246,,0,0.36815446615219116,insufficient_data,0.0,manual_review
147,,0,0.36815446615219116,insufficient_data,0.0,manual_review
808,,0,0.36815446615219116,insufficient_data,0.0,manual_review
113,,0,0.36815446615219116,insufficient_data,0.0,manual_review
854,,0,0.36815446615219116,insufficient_data,0.0,manual_review
448,,0,0.36815446615219116,insufficient_data,0.0,manual_review
182,,0,0.36815446615219116,insufficient_data,0.0,manual_review
644,,0,0.36815446615219116,insufficient_data,0.0,manual_review
824,,0,0.36815446615219116,insufficient_data,0.0,manual_review
720,,0,0.36815446615219116,insufficient_data,0.0,manual_review
661,,0,0.36815446615219116,insufficient_data,0.0,manual_review
703,,0,0.36815446615219116,insufficient_data,0.0,manual_review
156,,0,0.36815446615219116,insufficient_data,0.0,manual_review
281,,0,0.36815446615219116,insufficient_data,0.0,manual_review
611,,0,0.36815446615219116,insufficient_data,0.0,manual_review
778,,0,0.36815446615219116,insufficient_data,0.0,manual_review
847,,0,0.36815446615219116,insufficient_data,0.0,manual_review
762,,0,0.36815446615219116,insufficient_data,0.0,manual_review
285,1.0,0,0.3676055073738098,negative,0.26478898525238037,manual_review
821,0.0,0,0.36590516567230225,negative,0.2681896686553955,manual_review
805,0.0,0,0.36396434903144836,negative,0.27207130193710327,manual_review
717,,0,0.3626958429813385,insufficient_data,0.0,manual_review
548,1.0,0,0.3626958429813385,negative,0.274608314037323,manual_review
685,,0,0.362527072429657,negative,0.27494585514068604,manual_review
891,,0,0.3606329560279846,negative,0.27873408794403076,manual_review
564,0.0,0,0.3579695224761963,negative,0.2840609550476074,manual_review
414,1.0,0,0.3536420166492462,negative,0.29271596670150757,manual_review
411,,0,0.3536420166492462,negative,0.29271596670150757,manual_review
825,,0,0.35359397530555725,negative,0.2928120493888855,manual_review
263,,0,0.3535626232624054,insufficient_data,0.0,manual_review
542,0.0,0,0.3485353887081146,negative,0.30292922258377075,review
399,0.0,0,0.34821847081184387,negative,0.30356305837631226,review
124,,0,0.34648972749710083,insufficient_data,0.0,manual_review
223,,0,0.34648972749710083,insufficient_data,0.0,manual_review
288,,0,0.34648972749710083,insufficient_data,0.0,manual_review
850,,0,0.34648972749710083,insufficient_data,0.0,manual_review
314,,0,0.34648972749710083,insufficient_data,0.0,manual_review
401,,0,0.34648972749710083,insufficient_data,0.0,manual_review
211,,0,0.34648972749710083,insufficient_data,0.0,manual_review
710,,0,0.34648972749710083,insufficient_data,0.0,manual_review
457,,0,0.34648972749710083,insufficient_data,0.0,manual_review
508,,0,0.34648972749710083,insufficient_data,0.0,manual_review
385,,0,0.34648972749710083,insufficient_data,0.0,manual_review
628,0.0,0,0.34500864148139954,negative,0.3099827170372009,review
9,0.0,0,0.3398880362510681,negative,0.32022392749786377,review
114,,0,0.3393343389034271,insufficient_data,0.0,manual_review
431,,0,0.33788955211639404,insufficient_data,0.0,manual_review
905,,0,0.33788955211639404,insufficient_data,0.0,manual_review
116,,0,0.33788955211639404,insufficient_data,0.0,manual_review
101,,0,0.33788955211639404,insufficient_data,0.0,manual_review
913,,0,0.33788955211639404,insufficient_data,0.0,manual_review
609,,0,0.33788955211639404,insufficient_data,0.0,manual_review
86,,0,0.33788955211639404,insufficient_data,0.0,manual_review
995,,0,0.33788955211639404,insufficient_data,0.0,manual_review
585,,0,0.33788955211639404,insufficient_data,0.0,manual_review
154,,0,0.33788955211639404,insufficient_data,0.0,manual_review
928,,0,0.33788955211639404,insufficient_data,0.0,manual_review
573,,0,0.33788955211639404,insufficient_data,0.0,manual_review
398,,0,0.33788955211639404,insufficient_data,0.0,manual_review
395,,0,0.33788955211639404,insufficient_data,0.0,manual_review
929,,0,0.33788955211639404,insufficient_data,0.0,manual_review
390,,0,0.33788955211639404,insufficient_data,0.0,manual_review
925,,0,0.33788955211639404,insufficient_data,0.0,manual_review
877,,0,0.33788955211639404,insufficient_data,0.0,manual_review
872,,0,0.33788955211639404,insufficient_data,0.0,manual_review
145,,0,0.33788955211639404,insufficient_data,0.0,manual_review
625,,0,0.33788955211639404,insufficient_data,0.0,manual_review
730,,0,0.33788955211639404,insufficient_data,0.0,manual_review
512,,0,0.33788955211639404,insufficient_data,0.0,manual_review
749,,0,0.33788955211639404,insufficient_data,0.0,manual_review
769,,0,0.33788955211639404,insufficient_data,0.0,manual_review
494,,0,0.33788955211639404,insufficient_data,0.0,manual_review
794,,0,0.33788955211639404,insufficient_data,0.0,manual_review
483,,0,0.33788955211639404,insufficient_data,0.0,manual_review
689,,0,0.33788955211639404,insufficient_data,0.0,manual_review
795,,0,0.33788955211639404,insufficient_data,0.0,manual_review
683,,0,0.33788955211639404,insufficient_data,0.0,manual_review
450,,0,0.33788955211639404,insufficient_data,0.0,manual_review
791,,0,0.33788955211639404,insufficient_data,0.0,manual_review
660,,0,0.33788955211639404,insufficient_data,0.0,manual_review
645,,0,0.33788955211639404,insufficient_data,0.0,manual_review
572,,0,0.33788955211639404,insufficient_data,0.0,manual_review
570,,0,0.33788955211639404,insufficient_data,0.0,manual_review
818,,0,0.33788955211639404,insufficient_data,0.0,manual_review
479,,0,0.33788955211639404,insufficient_data,0.0,manual_review
151,,0,0.33788955211639404,insufficient_data,0.0,manual_review
852,,0,0.33788955211639404,insufficient_data,0.0,manual_review
539,,0,0.33788955211639404,insufficient_data,0.0,manual_review
192,,0,0.33788955211639404,insufficient_data,0.0,manual_review
510,,0,0.33788955211639404,insufficient_data,0.0,manual_review
202,,0,0.33788955211639404,insufficient_data,0.0,manual_review
222,,0,0.33788955211639404,insufficient_data,0.0,manual_review
181,,0,0.33788955211639404,insufficient_data,0.0,manual_review
343,,0,0.33788955211639404,insufficient_data,0.0,manual_review
179,,0,0.33788955211639404,insufficient_data,0.0,manual_review
256,,0,0.33788955211639404,insufficient_data,0.0,manual_review
200,,0,0.33788955211639404,insufficient_data,0.0,manual_review
203,,0,0.33788955211639404,insufficient_data,0.0,manual_review
355,,0,0.33788955211639404,insufficient_data,0.0,manual_review
721,,0,0.33788955211639404,insufficient_data,0.0,manual_review
258,,0,0.33788955211639404,insufficient_data,0.0,manual_review
184,,0,0.33788955211639404,insufficient_data,0.0,manual_review
268,,0,0.33788955211639404,insufficient_data,0.0,manual_review
339,,0,0.33788955211639404,insufficient_data,0.0,manual_review
715,,0,0.33788955211639404,insufficient_data,0.0,manual_review
340,,0,0.33788955211639404,insufficient_data,0.0,manual_review
341,,0,0.33788955211639404,insufficient_data,0.0,manual_review
342,,0,0.33788955211639404,insufficient_data,0.0,manual_review
226,,0,0.33788955211639404,insufficient_data,0.0,manual_review
323,,0,0.33788955211639404,insufficient_data,0.0,manual_review
267,,0,0.33788955211639404,insufficient_data,0.0,manual_review
248,,0,0.33788955211639404,insufficient_data,0.0,manual_review
194,,0,0.33788955211639404,insufficient_data,0.0,manual_review
709,,0,0.33788955211639404,insufficient_data,0.0,manual_review
183,,0,0.33788955211639404,insufficient_data,0.0,manual_review
189,,0,0.33788955211639404,insufficient_data,0.0,manual_review
291,,0,0.33788955211639404,insufficient_data,0.0,manual_review
279,,0,0.33788955211639404,insufficient_data,0.0,manual_review
308,,0,0.33788955211639404,insufficient_data,0.0,manual_review
670,,0,0.33788955211639404,insufficient_data,0.0,manual_review
671,,0,0.33788955211639404,insufficient_data,0.0,manual_review
960,,0,0.33744189143180847,negative,0.32511621713638306,review
316,,0,0.33264341950416565,insufficient_data,0.0,manual_review
619,,0,0.33264341950416565,insufficient_data,0.0,manual_review
396,,0,0.33264341950416565,insufficient_data,0.0,manual_review
993,,0,0.33198827505111694,insufficient_data,0.0,manual_review
25,1.0,0,0.33031216263771057,negative,0.33937567472457886,review
14,0.0,0,0.3291766047477722,negative,0.34164679050445557,review
245,,0,0.3291349411010742,negative,0.34173011779785156,review
23,,0,0.3253592848777771,negative,0.3492814302444458,review
34,,0,0.3246085047721863,negative,0.35078299045562744,review
739,0.0,0,0.3245411813259125,negative,0.35091763734817505,review
29,,0,0.32225754857063293,negative,0.35548490285873413,review
520,,0,0.32088375091552734,negative,0.3582324981689453,review
474,,0,0.32088375091552734,negative,0.3582324981689453,review
892,,0,0.31707122921943665,negative,0.3658575415611267,review
743,0.0,0,0.3139488697052002,negative,0.3721022605895996,review
487,,0,0.3087541460990906,negative,0.38249170780181885,review
502,0.0,0,0.3082527816295624,negative,0.38349443674087524,review
733,,0,0.30072128772735596,negative,0.3985574245452881,review
768,,0,0.30072128772735596,negative,0.3985574245452881,review
600,,0,0.30020129680633545,insufficient_data,0.0,manual_review
895,,0,0.30020129680633545,insufficient_data,0.0,manual_review
141,,0,0.30020129680633545,insufficient_data,0.0,manual_review
912,,0,0.30020129680633545,insufficient_data,0.0,manual_review
792,,0,0.30020129680633545,insufficient_data,0.0,manual_review
986,,0,0.30020129680633545,insufficient_data,0.0,manual_review
696,0.0,0,0.2986622452735901,negative,0.4026755094528198,review
460,,0,0.29646724462509155,negative,0.4070655107498169,review
322,,0,0.2964150309562683,negative,0.4071699380874634,review
327,,0,0.2964150309562683,negative,0.4071699380874634,review
326,,0,0.2964150309562683,negative,0.4071699380874634,review
356,,0,0.2946756184101105,negative,0.41064876317977905,review
336,,0,0.2946756184101105,negative,0.41064876317977905,review
931,,0,0.2941174805164337,negative,0.41176503896713257,review
899,0.0,0,0.2935132086277008,negative,0.4129735827445984,review
612,0.0,0,0.2916043698787689,negative,0.41679126024246216,review
867,0.0,0,0.28740194439888,negative,0.42519611120224,review
1001,,0,0.287110298871994,insufficient_data,0.0,manual_review
981,,0,0.287110298871994,insufficient_data,0.0,manual_review
990,,0,0.287110298871994,insufficient_data,0.0,manual_review
914,,0,0.287110298871994,insufficient_data,0.0,manual_review
698,,0,0.287110298871994,insufficient_data,0.0,manual_review
936,,0,0.287110298871994,insufficient_data,0.0,manual_review
819,,0,0.287110298871994,insufficient_data,0.0,manual_review
495,,0,0.287110298871994,insufficient_data,0.0,manual_review
970,,0,0.287110298871994,insufficient_data,0.0,manual_review
958,,0,0.287110298871994,insufficient_data,0.0,manual_review
3,0.0,0,0.2854434549808502,negative,0.42911309003829956,review
641,0.0,0,0.2851371467113495,negative,0.429725706577301,review
608,,0,0.2837669849395752,negative,0.4324660301208496,review
651,,0,0.281471312046051,insufficient_data,0.0,manual_review
78,0.0,0,0.27931374311447144,negative,0.44137251377105713,review
468,,0,0.27928850054740906,insufficient_data,0.0,manual_review
210,,0,0.27928850054740906,insufficient_data,0.0,manual_review
950,,0,0.27928850054740906,insufficient_data,0.0,manual_review
137,,0,0.27928850054740906,insufficient_data,0.0,manual_review
277,,0,0.27928850054740906,insufficient_data,0.0,manual_review
621,,0,0.27928850054740906,insufficient_data,0.0,manual_review
379,,0,0.27928850054740906,insufficient_data,0.0,manual_review
467,,0,0.27928850054740906,insufficient_data,0.0,manual_review
204,,0,0.27928850054740906,insufficient_data,0.0,manual_review
989,,0,0.27928850054740906,insufficient_data,0.0,manual_review
284,,0,0.27928850054740906,insufficient_data,0.0,manual_review
119,,0,0.27928850054740906,insufficient_data,0.0,manual_review
607,,0,0.27928850054740906,insufficient_data,0.0,manual_review
373,,0,0.27928850054740906,insufficient_data,0.0,manual_review
765,,0,0.27928850054740906,insufficient_data,0.0,manual_review
102,,0,0.27928850054740906,insufficient_data,0.0,manual_review
1002,,0,0.27928850054740906,insufficient_data,0.0,manual_review
329,,0,0.27928850054740906,insufficient_data,0.0,manual_review
365,,0,0.27928850054740906,insufficient_data,0.0,manual_review
553,,0,0.27928850054740906,insufficient_data,0.0,manual_review
959,,0,0.27928850054740906,insufficient_data,0.0,manual_review
873,,0,0.27928850054740906,insufficient_data,0.0,manual_review
91,,0,0.27928850054740906,insufficient_data,0.0,manual_review
164,,0,0.27928850054740906,insufficient_data,0.0,manual_review
484,,0,0.27928850054740906,insufficient_data,0.0,manual_review
259,,0,0.27928850054740906,insufficient_data,0.0,manual_review
605,,0,0.27928850054740906,insufficient_data,0.0,manual_review
90,,0,0.27928850054740906,insufficient_data,0.0,manual_review
980,,0,0.27928850054740906,insufficient_data,0.0,manual_review
563,,0,0.27928850054740906,insufficient_data,0.0,manual_review
352,,0,0.27928850054740906,insufficient_data,0.0,manual_review
991,,0,0.27928850054740906,insufficient_data,0.0,manual_review
354,,0,0.27928850054740906,insufficient_data,0.0,manual_review
257,,0,0.27928850054740906,insufficient_data,0.0,manual_review
901,,0,0.27928850054740906,insufficient_data,0.0,manual_review
826,,0,0.27928850054740906,insufficient_data,0.0,manual_review
927,,0,0.27928850054740906,insufficient_data,0.0,manual_review
571,,0,0.27928850054740906,insufficient_data,0.0,manual_review
976,,0,0.27928850054740906,insufficient_data,0.0,manual_review
659,,0,0.27928850054740906,insufficient_data,0.0,manual_review
305,,0,0.27928850054740906,insufficient_data,0.0,manual_review
650,,0,0.27928850054740906,insufficient_data,0.0,manual_review
629,0.0,0,0.27727314829826355,negative,0.4454537034034729,review
798,0.0,0,0.2770836353302002,negative,0.4458327293395996,review
541,,0,0.2742021381855011,negative,0.4515957236289978,review
724,,0,0.27336859703063965,negative,0.4532628059387207,review
775,1.0,0,0.2729327976703644,negative,0.45413440465927124,review
885,,0,0.2714727818965912,insufficient_data,0.0,manual_review
278,,0,0.2714727818965912,insufficient_data,0.0,manual_review
731,,0,0.2714727818965912,insufficient_data,0.0,manual_review
270,,0,0.2714727818965912,insufficient_data,0.0,manual_review
894,,0,0.2714727818965912,insufficient_data,0.0,manual_review
303,,0,0.2714727818965912,insufficient_data,0.0,manual_review
302,,0,0.2714727818965912,insufficient_data,0.0,manual_review
507,,0,0.2714727818965912,insufficient_data,0.0,manual_review
725,,0,0.2714727818965912,insufficient_data,0.0,manual_review
276,,0,0.2714727818965912,insufficient_data,0.0,manual_review
123,,0,0.2714727818965912,insufficient_data,0.0,manual_review
701,,0,0.2714727818965912,insufficient_data,0.0,manual_review
298,,0,0.2714727818965912,insufficient_data,0.0,manual_review
663,,0,0.2714727818965912,insufficient_data,0.0,manual_review
800,,0,0.2714727818965912,insufficient_data,0.0,manual_review
788,,0,0.2714727818965912,insufficient_data,0.0,manual_review
779,,0,0.2714727818965912,insufficient_data,0.0,manual_review
829,,0,0.2714727818965912,insufficient_data,0.0,manual_review
604,,0,0.2714727818965912,insufficient_data,0.0,manual_review
121,,0,0.2714727818965912,insufficient_data,0.0,manual_review
876,,0,0.2714727818965912,insufficient_data,0.0,manual_review
627,,0,0.2714727818965912,insufficient_data,0.0,manual_review
178,,0,0.2714727818965912,insufficient_data,0.0,manual_review
673,,0,0.2714727818965912,insufficient_data,0.0,manual_review
630,,0,0.2714727818965912,insufficient_data,0.0,manual_review
126,,0,0.2714727818965912,insufficient_data,0.0,manual_review
135,,0,0.2714727818965912,insufficient_data,0.0,manual_review
857,,0,0.2714727818965912,insufficient_data,0.0,manual_review
544,,0,0.2714727818965912,insufficient_data,0.0,manual_review
875,,0,0.2714727818965912,insufficient_data,0.0,manual_review
528,,0,0.2714727818965912,insufficient_data,0.0,manual_review
849,,0,0.2714727818965912,insufficient_data,0.0,manual_review
127,,0,0.2714727818965912,insufficient_data,0.0,manual_review
122,,0,0.2714727818965912,insufficient_data,0.0,manual_review
526,,0,0.2714727818965912,insufficient_data,0.0,manual_review
831,,0,0.2714727818965912,insufficient_data,0.0,manual_review
845,,0,0.2714727818965912,insufficient_data,0.0,manual_review
362,,0,0.2714727818965912,insufficient_data,0.0,manual_review
289,,0,0.2714727818965912,insufficient_data,0.0,manual_review
337,,0,0.2714727818965912,insufficient_data,0.0,manual_review
344,,0,0.2714727818965912,insufficient_data,0.0,manual_review
318,,0,0.2714727818965912,insufficient_data,0.0,manual_review
338,,0,0.2714727818965912,insufficient_data,0.0,manual_review
162,,0,0.2714727818965912,insufficient_data,0.0,manual_review
614,,0,0.2714727818965912,insufficient_data,0.0,manual_review
160,,0,0.2714727818965912,insufficient_data,0.0,manual_review
610,,0,0.2714727818965912,insufficient_data,0.0,manual_review
220,,0,0.2714727818965912,insufficient_data,0.0,manual_review
459,,0,0.2714727818965912,insufficient_data,0.0,manual_review
234,,0,0.2714727818965912,insufficient_data,0.0,manual_review
596,,0,0.2714727818965912,insufficient_data,0.0,manual_review
464,1.0,0,0.2714727818965912,negative,0.4570544362068176,review
243,,0,0.2714727818965912,insufficient_data,0.0,manual_review
472,,0,0.2714727818965912,insufficient_data,0.0,manual_review
417,,0,0.2714727818965912,insufficient_data,0.0,manual_review
631,,0,0.2714727818965912,insufficient_data,0.0,manual_review
328,,0,0.2714727818965912,insufficient_data,0.0,manual_review
944,,0,0.2714727818965912,insufficient_data,0.0,manual_review
370,,0,0.2714727818965912,insufficient_data,0.0,manual_review
708,,0,0.2714727818965912,insufficient_data,0.0,manual_review
376,,0,0.2714727818965912,insufficient_data,0.0,manual_review
763,,0,0.2714727818965912,insufficient_data,0.0,manual_review
381,,0,0.2714727818965912,insufficient_data,0.0,manual_review
581,,0,0.2714727818965912,insufficient_data,0.0,manual_review
173,,0,0.2714727818965912,insufficient_data,0.0,manual_review
391,,0,0.2714727818965912,insufficient_data,0.0,manual_review
408,,0,0.2714727818965912,insufficient_data,0.0,manual_review
409,,0,0.2714727818965912,insufficient_data,0.0,manual_review
208,,0,0.2714727818965912,insufficient_data,0.0,manual_review
247,,0,0.2714727818965912,insufficient_data,0.0,manual_review
351,,0,0.2708031237125397,insufficient_data,0.0,manual_review
297,,0,0.2708031237125397,insufficient_data,0.0,manual_review
375,,0,0.2708031237125397,insufficient_data,0.0,manual_review
155,,0,0.2708031237125397,insufficient_data,0.0,manual_review
488,1.0,0,0.2698150873184204,negative,0.4603698253631592,review
321,,0,0.26692989468574524,negative,0.4661402106285095,review
429,,0,0.26494500041007996,negative,0.4701099991798401,review
861,,0,0.26458048820495605,negative,0.4708390235900879,review
134,,0,0.26363658905029297,insufficient_data,0.0,manual_review
110,,0,0.25904417037963867,insufficient_data,0.0,manual_review
469,,0,0.25651469826698303,negative,0.48697060346603394,review
615,0.0,0,0.2541305422782898,negative,0.4917389154434204,review
988,,0,0.25395649671554565,negative,0.4920870065689087,review
241,,0,0.2531690299510956,insufficient_data,0.0,manual_review
296,,0,0.2531690299510956,insufficient_data,0.0,manual_review
129,,0,0.2531690299510956,insufficient_data,0.0,manual_review
175,,0,0.2531690299510956,insufficient_data,0.0,manual_review
201,,0,0.2531690299510956,insufficient_data,0.0,manual_review
195,,0,0.2531690299510956,insufficient_data,0.0,manual_review
506,,0,0.25232627987861633,insufficient_data,0.0,manual_review
813,,0,0.25232627987861633,insufficient_data,0.0,manual_review
143,,0,0.25232627987861633,insufficient_data,0.0,manual_review
217,,0,0.25232627987861633,insufficient_data,0.0,manual_review
347,,0,0.25232627987861633,insufficient_data,0.0,manual_review
310,,0,0.25232627987861633,insufficient_data,0.0,manual_review
136,,0,0.25232627987861633,insufficient_data,0.0,manual_review
827,,0,0.25232627987861633,insufficient_data,0.0,manual_review
153,,0,0.25232627987861633,insufficient_data,0.0,manual_review
304,,0,0.25232627987861633,insufficient_data,0.0,manual_review
252,,0,0.25232627987861633,insufficient_data,0.0,manual_review
407,,0,0.25232627987861633,insufficient_data,0.0,manual_review
112,,0,0.25232627987861633,insufficient_data,0.0,manual_review
883,,0,0.25232627987861633,insufficient_data,0.0,manual_review
306,,0,0.24344657361507416,insufficient_data,0.0,manual_review
221,,0,0.24344657361507416,insufficient_data,0.0,manual_review
923,,0,0.24344657361507416,insufficient_data,0.0,manual_review
366,,0,0.24344657361507416,insufficient_data,0.0,manual_review
642,,0,0.24344657361507416,insufficient_data,0.0,manual_review
1007,,0,0.24344657361507416,insufficient_data,0.0,manual_review
369,,0,0.24344657361507416,insufficient_data,0.0,manual_review
687,,0,0.24344657361507416,insufficient_data,0.0,manual_review
979,,0,0.24344657361507416,insufficient_data,0.0,manual_review
897,,0,0.24344657361507416,insufficient_data,0.0,manual_review
803,,0,0.24344657361507416,insufficient_data,0.0,manual_review
917,,0,0.24344657361507416,insufficient_data,0.0,manual_review
675,,0,0.24344657361507416,insufficient_data,0.0,manual_review
785,,0,0.24344657361507416,insufficient_data,0.0,manual_review
511,,0,0.24344657361507416,insufficient_data,0.0,manual_review
299,,0,0.24344657361507416,insufficient_data,0.0,manual_review
949,,0,0.24344657361507416,insufficient_data,0.0,manual_review
300,,0,0.24344657361507416,insufficient_data,0.0,manual_review
952,,0,0.24344657361507416,insufficient_data,0.0,manual_review
361,,0,0.24344657361507416,insufficient_data,0.0,manual_review
933,,0,0.24344657361507416,insufficient_data,0.0,manual_review
374,,0,0.24344657361507416,insufficient_data,0.0,manual_review
948,,0,0.24344657361507416,insufficient_data,0.0,manual_review
400,,0,0.24344657361507416,insufficient_data,0.0,manual_review
380,,0,0.24344657361507416,insufficient_data,0.0,manual_review
904,,0,0.24344657361507416,insufficient_data,0.0,manual_review
882,,0,0.24344657361507416,insufficient_data,0.0,manual_review
229,,0,0.24344657361507416,insufficient_data,0.0,manual_review
994,,0,0.24344657361507416,insufficient_data,0.0,manual_review
73,,0,0.24344657361507416,insufficient_data,0.0,manual_review
848,,0,0.24344657361507416,insufficient_data,0.0,manual_review
88,,0,0.24344657361507416,insufficient_data,0.0,manual_review
525,,0,0.24344657361507416,insufficient_data,0.0,manual_review
668,,0,0.24344657361507416,insufficient_data,0.0,manual_review
620,,0,0.24344657361507416,insufficient_data,0.0,manual_review
1010,,0,0.24344657361507416,insufficient_data,0.0,manual_review
840,,0,0.24344657361507416,insufficient_data,0.0,manual_review
165,,0,0.24344657361507416,insufficient_data,0.0,manual_review
75,,0,0.24344657361507416,insufficient_data,0.0,manual_review
166,,0,0.24344657361507416,insufficient_data,0.0,manual_review
76,,0,0.24344657361507416,insufficient_data,0.0,manual_review
149,,0,0.24344657361507416,insufficient_data,0.0,manual_review
424,,0,0.24344657361507416,insufficient_data,0.0,manual_review
591,,0,0.24291184544563293,negative,0.5141763091087341,review
684,0.0,0,0.23951487243175507,negative,0.5209702253341675,review
729,,0,0.23923400044441223,negative,0.5215319991111755,review
463,,0,0.23558931052684784,negative,0.5288213491439819,review
682,0.0,0,0.2346954345703125,negative,0.530609130859375,review
271,1.0,0,0.23385341465473175,negative,0.5322932004928589,review
898,,0,0.23221173882484436,negative,0.5355765223503113,review
471,,0,0.23221173882484436,negative,0.5355765223503113,review
461,,0,0.23221173882484436,negative,0.5355765223503113,review
902,,0,0.2295461744070053,negative,0.540907621383667,review
335,,0,0.22791112959384918,negative,0.544177770614624,review
231,,0,0.22644515335559845,insufficient_data,0.0,manual_review
397,,0,0.2262875735759735,negative,0.547424852848053,review
815,,0,0.2261732816696167,insufficient_data,0.0,manual_review
213,,0,0.2261732816696167,insufficient_data,0.0,manual_review
974,,0,0.2261732816696167,insufficient_data,0.0,manual_review
103,,0,0.2261732816696167,insufficient_data,0.0,manual_review
583,,0,0.2261732816696167,insufficient_data,0.0,manual_review
953,,0,0.2261732816696167,insufficient_data,0.0,manual_review
940,,0,0.2261732816696167,insufficient_data,0.0,manual_review
816,,0,0.2261732816696167,insufficient_data,0.0,manual_review
782,,0,0.2261732816696167,insufficient_data,0.0,manual_review
188,,0,0.2261732816696167,insufficient_data,0.0,manual_review
999,,0,0.2261732816696167,insufficient_data,0.0,manual_review
109,,0,0.2261732816696167,insufficient_data,0.0,manual_review
287,,0,0.2261732816696167,insufficient_data,0.0,manual_review
235,,0,0.2261732816696167,insufficient_data,0.0,manual_review
807,,0,0.2261732816696167,insufficient_data,0.0,manual_review
870,,0,0.2261732816696167,insufficient_data,0.0,manual_review
269,,0,0.2261732816696167,insufficient_data,0.0,manual_review
851,,0,0.2261732816696167,insufficient_data,0.0,manual_review
916,,0,0.2261732816696167,insufficient_data,0.0,manual_review
265,,0,0.2261732816696167,insufficient_data,0.0,manual_review
712,,0,0.2261732816696167,insufficient_data,0.0,manual_review
830,,0,0.2261732816696167,insufficient_data,0.0,manual_review
820,,0,0.2261732816696167,insufficient_data,0.0,manual_review
945,,0,0.2261732816696167,insufficient_data,0.0,manual_review
869,,0,0.2261732816696167,insufficient_data,0.0,manual_review
185,,0,0.2261732816696167,insufficient_data,0.0,manual_review
705,,0,0.2261732816696167,insufficient_data,0.0,manual_review
115,,0,0.2261732816696167,insufficient_data,0.0,manual_review
719,,0,0.2261732816696167,insufficient_data,0.0,manual_review
105,,0,0.2261732816696167,insufficient_data,0.0,manual_review
104,,0,0.2261732816696167,insufficient_data,0.0,manual_review
225,,0,0.2261732816696167,insufficient_data,0.0,manual_review
737,,0,0.2261732816696167,insufficient_data,0.0,manual_review
758,,0,0.2261732816696167,insufficient_data,0.0,manual_review
458,,0,0.2261732816696167,insufficient_data,0.0,manual_review
759,,0,0.2261732816696167,insufficient_data,0.0,manual_review
290,,0,0.2261732816696167,insufficient_data,0.0,manual_review
499,,0,0.2261732816696167,insufficient_data,0.0,manual_review
473,,0,0.2261732816696167,insufficient_data,0.0,manual_review
504,,0,0.2261732816696167,insufficient_data,0.0,manual_review
405,,0,0.2261732816696167,insufficient_data,0.0,manual_review
505,,0,0.2261732816696167,insufficient_data,0.0,manual_review
363,,0,0.2261732816696167,insufficient_data,0.0,manual_review
331,,0,0.2261732816696167,insufficient_data,0.0,manual_review
523,,0,0.2261732816696167,insufficient_data,0.0,manual_review
309,,0,0.2261732816696167,insufficient_data,0.0,manual_review
587,,0,0.2261732816696167,insufficient_data,0.0,manual_review
455,,0,0.2261732816696167,insufficient_data,0.0,manual_review
648,,0,0.2261732816696167,insufficient_data,0.0,manual_review
672,,0,0.2261732816696167,insufficient_data,0.0,manual_review
637,,0,0.2261732816696167,insufficient_data,0.0,manual_review
656,,0,0.2261732816696167,insufficient_data,0.0,manual_review
692,,0,0.2261732816696167,insufficient_data,0.0,manual_review
168,,0,0.2261732816696167,insufficient_data,0.0,manual_review
655,,0,0.2261732816696167,insufficient_data,0.0,manual_review
760,,0,0.2261732816696167,insufficient_data,0.0,manual_review
753,,0,0.2261732816696167,insufficient_data,0.0,manual_review
796,,0,0.2261732816696167,insufficient_data,0.0,manual_review
148,,0,0.2261732816696167,insufficient_data,0.0,manual_review
320,,0,0.2261732816696167,insufficient_data,0.0,manual_review
677,,0,0.2261732816696167,insufficient_data,0.0,manual_review
490,,0,0.2261732816696167,insufficient_data,0.0,manual_review
486,,0,0.2261732816696167,insufficient_data,0.0,manual_review
485,,0,0.2261732816696167,insufficient_data,0.0,manual_review
688,,0,0.2261732816696167,insufficient_data,0.0,manual_review
536,,0,0.2261732816696167,insufficient_data,0.0,manual_review
387,,0,0.2261732816696167,insufficient_data,0.0,manual_review
382,,0,0.2261732816696167,insufficient_data,0.0,manual_review
384,,0,0.2261732816696167,insufficient_data,0.0,manual_review
334,,0,0.2246144562959671,negative,0.5507711172103882,review
333,,0,0.2246144562959671,negative,0.5507711172103882,review
658,,0,0.22112521529197693,negative,0.5577495694160461,review
218,,0,0.21965162456035614,insufficient_data,0.0,manual_review
832,,0,0.21965162456035614,insufficient_data,0.0,manual_review
280,,0,0.21965162456035614,insufficient_data,0.0,manual_review
196,,0,0.21965162456035614,insufficient_data,0.0,manual_review
451,,0,0.21965162456035614,insufficient_data,0.0,manual_review
574,,0,0.21965162456035614,insufficient_data,0.0,manual_review
418,,0,0.21965162456035614,insufficient_data,0.0,manual_review
295,,0,0.21965162456035614,insufficient_data,0.0,manual_review
169,,0,0.21965162456035614,insufficient_data,0.0,manual_review
423,,0,0.21965162456035614,insufficient_data,0.0,manual_review
106,,0,0.21965162456035614,insufficient_data,0.0,manual_review
118,,0,0.21965162456035614,insufficient_data,0.0,manual_review
393,,0,0.21965162456035614,insufficient_data,0.0,manual_review
415,,0,0.21965162456035614,insufficient_data,0.0,manual_review
152,,0,0.21965162456035614,insufficient_data,0.0,manual_review
214,,0,0.21965162456035614,insufficient_data,0.0,manual_review
634,,0,0.21965162456035614,insufficient_data,0.0,manual_review
754,,0,0.21965162456035614,insufficient_data,0.0,manual_review
465,,0,0.21965162456035614,insufficient_data,0.0,manual_review
706,,0,0.21965162456035614,insufficient_data,0.0,manual_review
255,,0,0.21965162456035614,insufficient_data,0.0,manual_review
514,,0,0.21659249067306519,insufficient_data,0.0,manual_review
180,,0,0.21643784642219543,insufficient_data,0.0,manual_review
497,,0,0.21643784642219543,insufficient_data,0.0,manual_review
293,,0,0.21643784642219543,insufficient_data,0.0,manual_review
186,,0,0.21643784642219543,insufficient_data,0.0,manual_review
325,,0,0.21643784642219543,insufficient_data,0.0,manual_review
537,,0,0.21643784642219543,insufficient_data,0.0,manual_review
249,,0,0.21643784642219543,insufficient_data,0.0,manual_review
97,,0,0.21643784642219543,insufficient_data,0.0,manual_review
140,,0,0.21643784642219543,insufficient_data,0.0,manual_review
449,,0,0.21643784642219543,insufficient_data,0.0,manual_review
531,,0,0.21643784642219543,insufficient_data,0.0,manual_review
108,,0,0.21643784642219543,insufficient_data,0.0,manual_review
294,,0,0.21643784642219543,insufficient_data,0.0,manual_review
150,,0,0.21643784642219543,insufficient_data,0.0,manual_review
593,,0,0.21643784642219543,insufficient_data,0.0,manual_review
167,,0,0.21643784642219543,insufficient_data,0.0,manual_review
364,,0,0.21643784642219543,insufficient_data,0.0,manual_review
368,,0,0.21643784642219543,insufficient_data,0.0,manual_review
170,,0,0.21643784642219543,insufficient_data,0.0,manual_review
350,,0,0.21643784642219543,insufficient_data,0.0,manual_review
810,,0,0.21643784642219543,insufficient_data,0.0,manual_review
215,,0,0.21643784642219543,insufficient_data,0.0,manual_review
780,,0,0.21643784642219543,insufficient_data,0.0,manual_review
216,,0,0.21643784642219543,insufficient_data,0.0,manual_review
120,,0,0.21643784642219543,insufficient_data,0.0,manual_review
942,,0,0.21643784642219543,insufficient_data,0.0,manual_review
282,,0,0.21643784642219543,insufficient_data,0.0,manual_review
312,,0,0.21582145988941193,negative,0.5683571100234985,review
462,,0,0.21574589610099792,negative,0.5685082077980042,review
713,0.0,0,0.21312198042869568,negative,0.5737560391426086,review
616,,0,0.21270088851451874,negative,0.5745981931686401,review
345,,0,0.21244403719902039,insufficient_data,0.0,manual_review
402,,0,0.21244403719902039,insufficient_data,0.0,manual_review
132,,0,0.21004325151443481,insufficient_data,0.0,manual_review
96,,0,0.20930743217468262,insufficient_data,0.0,manual_review
667,,0,0.2077118158340454,insufficient_data,0.0,manual_review
662,,0,0.2077118158340454,insufficient_data,0.0,manual_review
139,,0,0.2077118158340454,insufficient_data,0.0,manual_review
107,,0,0.2066139280796051,negative,0.5867721438407898,review
206,,0,0.20407676696777344,insufficient_data,0.0,manual_review
193,,0,0.20407676696777344,insufficient_data,0.0,manual_review
324,,0,0.20407676696777344,insufficient_data,0.0,manual_review
776,,0,0.20407676696777344,insufficient_data,0.0,manual_review
244,,0,0.20407676696777344,insufficient_data,0.0,manual_review
674,,0,0.20407676696777344,insufficient_data,0.0,manual_review
704,,0,0.20407676696777344,insufficient_data,0.0,manual_review
789,,0,0.20407676696777344,insufficient_data,0.0,manual_review
317,,0,0.20407676696777344,insufficient_data,0.0,manual_review
793,,0,0.20407676696777344,insufficient_data,0.0,manual_review
359,,0,0.20407676696777344,insufficient_data,0.0,manual_review
693,,0,0.20407676696777344,insufficient_data,0.0,manual_review
144,,0,0.20407676696777344,insufficient_data,0.0,manual_review
292,,0,0.20407676696777344,insufficient_data,0.0,manual_review
482,,0,0.20407676696777344,insufficient_data,0.0,manual_review
755,,0,0.20407676696777344,insufficient_data,0.0,manual_review
746,,0,0.20407676696777344,insufficient_data,0.0,manual_review
416,,0,0.20407676696777344,insufficient_data,0.0,manual_review
727,,0,0.20407676696777344,insufficient_data,0.0,manual_review
131,,0,0.20407676696777344,insufficient_data,0.0,manual_review
699,,0,0.20407676696777344,insufficient_data,0.0,manual_review
598,,0,0.20407676696777344,insufficient_data,0.0,manual_review
549,,0,0.20407676696777344,insufficient_data,0.0,manual_review
680,,0,0.20407676696777344,insufficient_data,0.0,manual_review
250,,0,0.20407676696777344,insufficient_data,0.0,manual_review
843,,0,0.20407676696777344,insufficient_data,0.0,manual_review
422,,0,0.20407676696777344,insufficient_data,0.0,manual_review
159,,0,0.20407676696777344,insufficient_data,0.0,manual_review
833,,0,0.20407676696777344,insufficient_data,0.0,manual_review
888,,0,0.20407676696777344,insufficient_data,0.0,manual_review
752,,0,0.20395870506763458,insufficient_data,0.0,manual_review
844,,0,0.20395870506763458,insufficient_data,0.0,manual_review
447,,0,0.20395870506763458,insufficient_data,0.0,manual_review
489,,0,0.20395870506763458,insufficient_data,0.0,manual_review
388,,0,0.20395870506763458,insufficient_data,0.0,manual_review
260,,0,0.20395870506763458,insufficient_data,0.0,manual_review
890,,0,0.20395870506763458,insufficient_data,0.0,manual_review
879,,0,0.20395870506763458,insufficient_data,0.0,manual_review
470,,0,0.20395870506763458,insufficient_data,0.0,manual_review
332,,0,0.20395870506763458,insufficient_data,0.0,manual_review
264,,0,0.20395870506763458,insufficient_data,0.0,manual_review
453,,0,0.20395870506763458,insufficient_data,0.0,manual_review
783,,0,0.201685830950737,insufficient_data,0.0,manual_review
837,,0,0.201685830950737,insufficient_data,0.0,manual_review
881,,0,0.201685830950737,insufficient_data,0.0,manual_review
761,,0,0.201685830950737,insufficient_data,0.0,manual_review
887,,0,0.20085200667381287,insufficient_data,0.0,manual_review
346,,0,0.20085200667381287,insufficient_data,0.0,manual_review
633,,0,0.20085200667381287,insufficient_data,0.0,manual_review
613,,0,0.20085200667381287,insufficient_data,0.0,manual_review
586,,0,0.20085200667381287,insufficient_data,0.0,manual_review
227,,0,0.20079797506332397,insufficient_data,0.0,manual_review
561,,0,0.20079797506332397,insufficient_data,0.0,manual_review
348,,0,0.20079797506332397,insufficient_data,0.0,manual_review
157,,0,0.20079797506332397,insufficient_data,0.0,manual_review
557,,0,0.20079797506332397,insufficient_data,0.0,manual_review
551,,0,0.20079797506332397,insufficient_data,0.0,manual_review
133,,0,0.20079797506332397,insufficient_data,0.0,manual_review
653,,0,0.20079797506332397,insufficient_data,0.0,manual_review
556,,0,0.20079797506332397,insufficient_data,0.0,manual_review
744,,0,0.20079797506332397,insufficient_data,0.0,manual_review
750,,0,0.20079797506332397,insufficient_data,0.0,manual_review
543,,0,0.20079797506332397,insufficient_data,0.0,manual_review
654,,0,0.20079797506332397,insufficient_data,0.0,manual_review
99,,0,0.20079797506332397,insufficient_data,0.0,manual_review
774,,0,0.20079797506332397,insufficient_data,0.0,manual_review
521,,0,0.20079797506332397,insufficient_data,0.0,manual_review
787,,0,0.20079797506332397,insufficient_data,0.0,manual_review
681,,0,0.20079797506332397,insufficient_data,0.0,manual_review
146,,0,0.20079797506332397,insufficient_data,0.0,manual_review
286,,0,0.20079797506332397,insufficient_data,0.0,manual_review
477,,0,0.2003311812877655,negative,0.599337637424469,review
939,,0,0.20009712874889374,negative,0.5998057126998901,review
1006,,0,0.20009712874889374,negative,0.5998057126998901,review
777,0.0,0,0.19845199584960938,negative,0.6030960083007812,review
394,,0,0.19765819609165192,insufficient_data,0.0,manual_review
742,,0,0.1971496194601059,negative,0.6057007312774658,review
261,,0,0.19663923978805542,insufficient_data,0.0,manual_review
232,,0,0.19663923978805542,insufficient_data,0.0,manual_review
589,,0,0.19663923978805542,insufficient_data,0.0,manual_review
595,,0,0.19663923978805542,insufficient_data,0.0,manual_review
828,,0,0.19663923978805542,insufficient_data,0.0,manual_review
360,,0,0.1956101953983307,insufficient_data,0.0,manual_review
262,,0,0.1956101953983307,insufficient_data,0.0,manual_review
770,,0,0.19497637450695038,insufficient_data,0.0,manual_review
236,,0,0.1940552145242691,insufficient_data,0.0,manual_review
128,,0,0.1940552145242691,insufficient_data,0.0,manual_review
207,,0,0.19340772926807404,insufficient_data,0.0,manual_review
386,,0,0.19340772926807404,insufficient_data,0.0,manual_review
283,,0,0.19340772926807404,insufficient_data,0.0,manual_review
618,,0,0.19340772926807404,insufficient_data,0.0,manual_review
711,,0,0.19340772926807404,insufficient_data,0.0,manual_review
313,,0,0.19340772926807404,insufficient_data,0.0,manual_review
187,,0,0.19340772926807404,insufficient_data,0.0,manual_review
311,,0,0.19340772926807404,insufficient_data,0.0,manual_review
242,,0,0.19259990751743317,insufficient_data,0.0,manual_review
841,,0,0.19259990751743317,insufficient_data,0.0,manual_review
492,0.0,0,0.19196303188800812,negative,0.6160739660263062,review
301,,0,0.18913741409778595,insufficient_data,0.0,manual_review
383,,0,0.18913741409778595,insufficient_data,0.0,manual_review
410,,0,0.18851938843727112,insufficient_data,0.0,manual_review
797,1.0,0,0.18793465197086334,negative,0.6241307258605957,review
274,,0,0.18688037991523743,insufficient_data,0.0,manual_review
569,0.0,0,0.18659675121307373,negative,0.6268064975738525,review
509,0.0,0,0.18651436269283295,negative,0.6269712448120117,review
550,,0,0.18514689803123474,negative,0.6297062039375305,review
17,0.0,0,0.18455077707767487,negative,0.6308984756469727,review
138,,0,0.1829797327518463,negative,0.6340405344963074,review
736,,0,0.18260431289672852,insufficient_data,0.0,manual_review
93,1.0,0,0.18156099319458008,negative,0.6368780136108398,review
371,,0,0.18055208027362823,insufficient_data,0.0,manual_review
454,0.0,0,0.1804324835538864,negative,0.6391350030899048,review
5,1.0,0,0.17950057983398438,negative,0.6409988403320312,review
501,1.0,0,0.17803969979286194,negative,0.6439206004142761,review
22,1.0,0,0.17757001519203186,negative,0.6448599696159363,review
92,,0,0.17698808014392853,insufficient_data,0.0,manual_review
11,,0,0.17558857798576355,negative,0.6488228440284729,review
111,,0,0.17314459383487701,insufficient_data,0.0,manual_review
142,,0,0.17314459383487701,insufficient_data,0.0,manual_review
197,,0,0.17314459383487701,insufficient_data,0.0,manual_review
372,,0,0.17314459383487701,insufficient_data,0.0,manual_review
858,,0,0.17314459383487701,insufficient_data,0.0,manual_review
859,,0,0.17314459383487701,insufficient_data,0.0,manual_review
624,,0,0.17314459383487701,insufficient_data,0.0,manual_review
518,,0,0.17314459383487701,insufficient_data,0.0,manual_review
519,,0,0.17314459383487701,insufficient_data,0.0,manual_review
266,,0,0.17314459383487701,insufficient_data,0.0,manual_review
404,,0,0.17314459383487701,insufficient_data,0.0,manual_review
307,,0,0.172554612159729,insufficient_data,0.0,manual_review
330,,0,0.172554612159729,insufficient_data,0.0,manual_review
100,,0,0.172554612159729,insufficient_data,0.0,manual_review
275,,0,0.172554612159729,insufficient_data,0.0,manual_review
452,,0,0.172554612159729,insufficient_data,0.0,manual_review
190,,0,0.172554612159729,insufficient_data,0.0,manual_review
240,,0,0.172554612159729,insufficient_data,0.0,manual_review
209,,0,0.16890324652194977,insufficient_data,0.0,manual_review
74,0.0,0,0.1687866449356079,negative,0.6624267101287842,review
690,0.0,0,0.16815432906150818,negative,0.6636913418769836,review
836,,0,0.16752970218658447,negative,0.664940595626831,review
456,,0,0.16742834448814392,negative,0.6651433110237122,review
522,,0,0.16742834448814392,negative,0.6651433110237122,review
406,,0,0.16656258702278137,insufficient_data,0.0,manual_review
475,,0,0.16609695553779602,negative,0.667806088924408,review
161,0.0,0,0.16580845415592194,negative,0.6683831214904785,review
28,,0,0.16548676788806915,insufficient_data,0.0,manual_review
26,,0,0.16548676788806915,insufficient_data,0.0,manual_review
597,0.0,0,0.16530418395996094,negative,0.6693916320800781,review
230,,0,0.16090475022792816,insufficient_data,0.0,manual_review
735,0.0,0,0.16016922891139984,negative,0.6796615123748779,review
784,1.0,0,0.1598633974790573,negative,0.680273175239563,review
516,1.0,0,0.1597490906715393,negative,0.6805018186569214,review
33,,0,0.156265988945961,negative,0.6874680519104004,review
2,0.0,0,0.1538287252187729,negative,0.6923425197601318,review
771,0.0,0,0.15195615589618683,negative,0.6960877180099487,review
30,0.0,0,0.15164078772068024,negative,0.6967184543609619,review
772,,0,0.1453717201948166,negative,0.7092565298080444,auto
766,0.0,0,0.13497619330883026,negative,0.7300475835800171,auto
85,0.0,0,0.1271657794713974,negative,0.7456684112548828,auto
19,0.0,0,0.10515755414962769,negative,0.7896848917007446,auto
